{
    "url": "http://localhost:3000/",
    "requests": {
        "average": 16842.27,
        "mean": 16842.27,
        "stddev": 254.01,
        "min": 16184,
        "max": 17263,
        "total": 505240,
        "sent": 505340
    },
    "latency": {
        "average": 0.52,
        "mean": 0.52,
        "stddev": 1.56,
        "min": 0,
        "max": 15,
        "p50": 0,
        "p75": 0,
        "p90": 1,
        "p99": 6,
        "p999": 7,
        "p9999": 10,
        "p99999": 14
    },
    "throughput": {
        "average": 2726297.6,
        "mean": 2726297.6,
        "stddev": 60064.74,
        "min": 2621440,
        "max": 2883583,
        "total": 81848880
    },
    "errors": 0,
    "timeouts": 0,
    "duration": 30,
    "start": "2018-03-13T21:49:37.364Z",
    "finish": "2018-03-13T21:50:07.373Z",
    "connections": 10,
    "pipelining": 10,
    "non2xx": 0,
    "1xx": 0,
    "2xx": 505240,
    "3xx": 0,
    "4xx": 0,
    "5xx": 0,
    "server": "response-text"
}