{
    "url": "http://localhost:3000/whiskeys/scotch/islay/lagavulin/16-years/50",
    "requests": {
        "average": 723.67,
        "mean": 723.67,
        "stddev": 21.44,
        "min": 620,
        "max": 750,
        "total": 21710,
        "sent": 21810
    },
    "latency": {
        "average": 13.72,
        "mean": 13.72,
        "stddev": 41.23,
        "min": 0,
        "max": 261,
        "p50": 0,
        "p75": 0,
        "p90": 2,
        "p99": 143,
        "p999": 161,
        "p9999": 249,
        "p99999": 261
    },
    "throughput": {
        "average": 112503.47,
        "mean": 112503.47,
        "stddev": 3424.24,
        "min": 94208,
        "max": 118783,
        "total": 3365050
    },
    "errors": 0,
    "timeouts": 0,
    "duration": 30,
    "start": "2018-03-13T21:50:47.976Z",
    "finish": "2018-03-13T21:51:18.015Z",
    "connections": 10,
    "pipelining": 10,
    "non2xx": 0,
    "1xx": 0,
    "2xx": 21710,
    "3xx": 0,
    "4xx": 0,
    "5xx": 0,
    "server": "router-heavy"
}