{
    "url": "http://localhost:3000/whiskeys/scotch/islay/lagavulin/16-years/50",
    "requests": {
        "average": 21443.2,
        "mean": 21443.2,
        "stddev": 518.94,
        "min": 20352,
        "max": 22191,
        "total": 643240,
        "sent": 643340
    },
    "latency": {
        "average": 0.26,
        "mean": 0.26,
        "stddev": 0.7,
        "min": 0,
        "max": 10,
        "p50": 0,
        "p75": 0,
        "p90": 1,
        "p99": 3,
        "p999": 5,
        "p9999": 6,
        "p99999": 9
    },
    "throughput": {
        "average": 3329228.8,
        "mean": 3329228.8,
        "stddev": 85280.78,
        "min": 3145728,
        "max": 3538943,
        "total": 99702200
    },
    "errors": 0,
    "timeouts": 0,
    "duration": 30,
    "start": "2018-03-13T21:50:12.942Z",
    "finish": "2018-03-13T21:50:42.953Z",
    "connections": 10,
    "pipelining": 10,
    "non2xx": 0,
    "1xx": 0,
    "2xx": 643240,
    "3xx": 0,
    "4xx": 0,
    "5xx": 0,
    "server": "router-heavy"
}